<?xml version="1.0" encoding="UTF-8"?>
<project-private xmlns="http://www.netbeans.org/ns/project-private/1">
    <editor-bookmarks xmlns="http://www.netbeans.org/ns/editor-bookmarks/2" lastBookmarkId="0"/>
    <open-files xmlns="http://www.netbeans.org/ns/projectui-open-files/2">
        <group>
            <file>file:/C:/Users/Informatica/Documents/NetBeansProjects/RushMarket/RushMarket/RushMarket/src/org/adrianposadas/source/Proyecto2023357CSS.css</file>
            <file>file:/C:/Users/Informatica/Documents/NetBeansProjects/RushMarket/RushMarket/RushMarket/src/org/adrianposadas/db/Conexion.java</file>
            <file>file:/C:/Users/Informatica/Documents/NetBeansProjects/RushMarket/RushMarket/RushMarket/src/org/adrianposadas/controllers/MenuClientesController.java</file>
        </group>
    </open-files>
</project-private>
